87.121.84.0/32,US,US-NY,New York,
87.121.84.1/32,US,US-NY,New York,
87.121.84.2/32,US,US-NY,New York,
87.121.84.3/32,US,US-NY,New York,
87.121.84.4/32,US,US-NY,New York,
87.121.84.5/32,US,US-NY,New York,
87.121.84.6/32,US,US-NY,New York,
87.121.84.7/32,US,US-NY,New York,
87.121.84.8/32,US,US-NY,New York,
87.121.84.9/32,US,US-NY,New York,
87.121.84.10/32,US,US-NY,New York,
87.121.84.11/32,US,US-NY,New York,
87.121.84.12/32,US,US-NY,New York,
87.121.84.13/32,US,US-NY,New York,
87.121.84.14/32,US,US-NY,New York,
87.121.84.15/32,US,US-NY,New York,
87.121.84.16/32,US,US-NY,New York,
87.121.84.17/32,US,US-NY,New York,
87.121.84.18/32,US,US-NY,New York,
87.121.84.19/32,US,US-NY,New York,
87.121.84.20/32,US,US-NY,New York,
87.121.84.21/32,US,US-NY,New York,
87.121.84.22/32,US,US-NY,New York,
87.121.84.23/32,US,US-NY,New York,
87.121.84.24/32,US,US-NY,New York,
87.121.84.25/32,US,US-NY,New York,
87.121.84.26/32,US,US-NY,New York,
87.121.84.27/32,US,US-NY,New York,
87.121.84.28/32,US,US-NY,New York,
87.121.84.29/32,US,US-NY,New York,
87.121.84.30/32,US,US-NY,New York,
87.121.84.31/32,US,US-NY,New York,
87.121.84.32/32,US,US-NY,New York,
87.121.84.33/32,US,US-NY,New York,
87.121.84.34/32,US,US-NY,New York,
87.121.84.35/32,US,US-NY,New York,
87.121.84.36/32,US,US-NY,New York,
87.121.84.37/32,US,US-NY,New York,
87.121.84.38/32,US,US-NY,New York,
87.121.84.39/32,US,US-NY,New York,
87.121.84.40/32,US,US-NY,New York,
87.121.84.41/32,US,US-CA,Los Angeles,
87.121.84.42/32,US,US-CA,Los Angeles,
87.121.84.43/32,US,US-CA,Los Angeles,
87.121.84.44/32,US,US-CA,Los Angeles,
87.121.84.45/32,US,US-CA,Los Angeles,
87.121.84.46/32,US,US-CA,Los Angeles,
87.121.84.47/32,US,US-CA,Los Angeles,
87.121.84.48/32,US,US-CA,Los Angeles,
87.121.84.49/32,US,US-CA,Los Angeles,
87.121.84.50/32,US,US-CA,Los Angeles,
87.121.84.51/32,US,US-CA,Los Angeles,
87.121.84.52/32,US,US-CA,Los Angeles,
87.121.84.53/32,US,US-CA,Los Angeles,
87.121.84.54/32,US,US-CA,Los Angeles,
87.121.84.55/32,US,US-CA,Los Angeles,
87.121.84.56/32,US,US-CA,Los Angeles,
87.121.84.57/32,US,US-CA,Los Angeles,
87.121.84.58/32,US,US-CA,Los Angeles,
87.121.84.59/32,US,US-CA,Los Angeles,
87.121.84.60/32,US,US-CA,Los Angeles,
87.121.84.61/32,US,US-CA,Los Angeles,
87.121.84.62/32,US,US-CA,Los Angeles,
87.121.84.63/32,US,US-CA,Los Angeles,
87.121.84.64/32,US,US-CA,Los Angeles,
87.121.84.65/32,US,US-CA,Los Angeles,
87.121.84.66/32,US,US-CA,Los Angeles,
87.121.84.67/32,US,US-CA,Los Angeles,
87.121.84.68/32,US,US-CA,Los Angeles,
87.121.84.69/32,US,US-CA,Los Angeles,
87.121.84.70/32,US,US-CA,Los Angeles,
87.121.84.71/32,US,US-IL,Chicago,
87.121.84.72/32,US,US-IL,Chicago,
87.121.84.73/32,US,US-IL,Chicago,
87.121.84.74/32,US,US-IL,Chicago,
87.121.84.75/32,US,US-IL,Chicago,
87.121.84.76/32,US,US-IL,Chicago,
87.121.84.77/32,US,US-IL,Chicago,
87.121.84.78/32,US,US-IL,Chicago,
87.121.84.79/32,US,US-IL,Chicago,
87.121.84.80/32,US,US-IL,Chicago,
87.121.84.81/32,US,US-IL,Chicago,
87.121.84.82/32,US,US-IL,Chicago,
87.121.84.83/32,US,US-IL,Chicago,
87.121.84.84/32,US,US-IL,Chicago,
87.121.84.85/32,US,US-IL,Chicago,
87.121.84.86/32,US,US-IL,Chicago,
87.121.84.87/32,US,US-IL,Chicago,
87.121.84.88/32,US,US-IL,Chicago,
87.121.84.89/32,US,US-IL,Chicago,
87.121.84.90/32,US,US-IL,Chicago,
87.121.84.91/32,US,US-IL,Chicago,
87.121.84.92/32,US,US-IL,Chicago,
87.121.84.93/32,US,US-IL,Chicago,
87.121.84.94/32,US,US-IL,Chicago,
87.121.84.95/32,US,US-IL,Chicago,
87.121.84.96/32,US,US-TX,Houston,
87.121.84.97/32,US,US-TX,Houston,
87.121.84.98/32,US,US-TX,Houston,
87.121.84.99/32,US,US-TX,Houston,
87.121.84.100/32,US,US-TX,Houston,
87.121.84.101/32,US,US-TX,Houston,
87.121.84.102/32,US,US-TX,Houston,
87.121.84.103/32,US,US-TX,Houston,
87.121.84.104/32,US,US-TX,Houston,
87.121.84.105/32,US,US-TX,Houston,
87.121.84.106/32,US,US-TX,Houston,
87.121.84.107/32,US,US-TX,Houston,
87.121.84.108/32,US,US-TX,Houston,
87.121.84.109/32,US,US-TX,Houston,
87.121.84.110/32,US,US-TX,Houston,
87.121.84.111/32,US,US-TX,Houston,
87.121.84.112/32,US,US-TX,Houston,
87.121.84.113/32,US,US-TX,Houston,
87.121.84.114/32,US,US-TX,Houston,
87.121.84.115/32,US,US-TX,Houston,
87.121.84.116/32,US,US-TX,Houston,
87.121.84.117/32,US,US-TX,Houston,
87.121.84.118/32,US,US-FL,Miami,
87.121.84.119/32,US,US-FL,Miami,
87.121.84.120/32,US,US-FL,Miami,
87.121.84.121/32,US,US-FL,Miami,
87.121.84.122/32,US,US-FL,Miami,
87.121.84.123/32,US,US-FL,Miami,
87.121.84.124/32,US,US-FL,Miami,
87.121.84.125/32,US,US-FL,Miami,
87.121.84.126/32,US,US-FL,Miami,
87.121.84.127/32,US,US-FL,Miami,
87.121.84.128/32,US,US-FL,Miami,
87.121.84.129/32,US,US-FL,Miami,
87.121.84.130/32,US,US-FL,Miami,
87.121.84.131/32,US,US-FL,Miami,
87.121.84.132/32,US,US-FL,Miami,
87.121.84.133/32,US,US-FL,Miami,
87.121.84.134/32,US,US-FL,Miami,
87.121.84.135/32,US,US-FL,Miami,
87.121.84.136/32,US,US-FL,Miami,
87.121.84.137/32,US,US-FL,Miami,
87.121.84.138/32,US,US-FL,Miami,
87.121.84.139/32,US,US-FL,Miami,
87.121.84.140/32,US,US-NV,Las Vegas,
87.121.84.141/32,US,US-NV,Las Vegas,
87.121.84.142/32,US,US-NV,Las Vegas,
87.121.84.143/32,US,US-NV,Las Vegas,
87.121.84.144/32,US,US-NV,Las Vegas,
87.121.84.145/32,US,US-NV,Las Vegas,
87.121.84.146/32,US,US-NV,Las Vegas,
87.121.84.147/32,US,US-NV,Las Vegas,
87.121.84.148/32,US,US-NV,Las Vegas,
87.121.84.149/32,US,US-NV,Las Vegas,
87.121.84.150/32,US,US-NV,Las Vegas,
87.121.84.151/32,US,US-NV,Las Vegas,
87.121.84.152/32,US,US-NV,Las Vegas,
87.121.84.153/32,US,US-NV,Las Vegas,
87.121.84.154/32,US,US-NV,Las Vegas,
87.121.84.155/32,US,US-NV,Las Vegas,
87.121.84.156/32,US,US-NV,Las Vegas,
87.121.84.157/32,US,US-NV,Las Vegas,
87.121.84.158/32,US,US-NV,Las Vegas,
87.121.84.159/32,US,US-NV,Las Vegas,
87.121.84.160/32,US,US-AZ,Phoenix,
87.121.84.161/32,US,US-AZ,Phoenix,
87.121.84.162/32,US,US-AZ,Phoenix,
87.121.84.163/32,US,US-AZ,Phoenix,
87.121.84.164/32,US,US-AZ,Phoenix,
87.121.84.165/32,US,US-AZ,Phoenix,
87.121.84.166/32,US,US-AZ,Phoenix,
87.121.84.167/32,US,US-AZ,Phoenix,
87.121.84.168/32,US,US-AZ,Phoenix,
87.121.84.169/32,US,US-AZ,Phoenix,
87.121.84.170/32,US,US-AZ,Phoenix,
87.121.84.171/32,US,US-AZ,Phoenix,
87.121.84.172/32,US,US-AZ,Phoenix,
87.121.84.173/32,US,US-AZ,Phoenix,
87.121.84.174/32,US,US-AZ,Phoenix,
87.121.84.175/32,US,US-AZ,Phoenix,
87.121.84.176/32,US,US-AZ,Phoenix,
87.121.84.177/32,US,US-AZ,Phoenix,
87.121.84.178/32,US,US-AZ,Phoenix,
87.121.84.179/32,US,US-PA,Philadelphia,
87.121.84.180/32,US,US-PA,Philadelphia,
87.121.84.181/32,US,US-PA,Philadelphia,
87.121.84.182/32,US,US-PA,Philadelphia,
87.121.84.183/32,US,US-PA,Philadelphia,
87.121.84.184/32,US,US-PA,Philadelphia,
87.121.84.185/32,US,US-PA,Philadelphia,
87.121.84.186/32,US,US-PA,Philadelphia,
87.121.84.187/32,US,US-PA,Philadelphia,
87.121.84.188/32,US,US-PA,Philadelphia,
87.121.84.189/32,US,US-PA,Philadelphia,
87.121.84.190/32,US,US-PA,Philadelphia,
87.121.84.191/32,US,US-PA,Philadelphia,
87.121.84.192/32,US,US-PA,Philadelphia,
87.121.84.193/32,US,US-PA,Philadelphia,
87.121.84.194/32,US,US-PA,Philadelphia,
87.121.84.195/32,US,US-PA,Philadelphia,
87.121.84.196/32,US,US-PA,Philadelphia,
87.121.84.197/32,US,US-TX,San Antonio,
87.121.84.198/32,US,US-TX,San Antonio,
87.121.84.199/32,US,US-TX,San Antonio,
87.121.84.200/32,US,US-TX,San Antonio,
87.121.84.201/32,US,US-TX,San Antonio,
87.121.84.202/32,US,US-TX,San Antonio,
87.121.84.203/32,US,US-TX,San Antonio,
87.121.84.204/32,US,US-TX,San Antonio,
87.121.84.205/32,US,US-TX,San Antonio,
87.121.84.206/32,US,US-TX,San Antonio,
87.121.84.207/32,US,US-TX,San Antonio,
87.121.84.208/32,US,US-TX,San Antonio,
87.121.84.209/32,US,US-TX,San Antonio,
87.121.84.210/32,US,US-TX,San Antonio,
87.121.84.211/32,US,US-TX,San Antonio,
87.121.84.212/32,US,US-TX,San Antonio,
87.121.84.213/32,US,US-TX,San Antonio,
87.121.84.214/32,US,US-CA,San Francisco,
87.121.84.215/32,US,US-CA,San Francisco,
87.121.84.216/32,US,US-CA,San Francisco,
87.121.84.217/32,US,US-CA,San Francisco,
87.121.84.218/32,US,US-CA,San Francisco,
87.121.84.219/32,US,US-CA,San Francisco,
87.121.84.220/32,US,US-CA,San Francisco,
87.121.84.221/32,US,US-CA,San Francisco,
87.121.84.222/32,US,US-CA,San Francisco,
87.121.84.223/32,US,US-CA,San Francisco,
87.121.84.224/32,US,US-CA,San Francisco,
87.121.84.225/32,US,US-CA,San Francisco,
87.121.84.226/32,US,US-CA,San Francisco,
87.121.84.227/32,US,US-CA,San Francisco,
87.121.84.228/32,US,US-CA,San Francisco,
87.121.84.229/32,US,US-CA,San Francisco,
87.121.84.230/32,US,US-CA,San Diego,
87.121.84.231/32,US,US-CA,San Diego,
87.121.84.232/32,US,US-CA,San Diego,
87.121.84.233/32,US,US-CA,San Diego,
87.121.84.234/32,US,US-CA,San Diego,
87.121.84.235/32,US,US-CA,San Diego,
87.121.84.236/32,US,US-CA,San Diego,
87.121.84.237/32,US,US-CA,San Diego,
87.121.84.238/32,US,US-CA,San Diego,
87.121.84.239/32,US,US-CA,San Diego,
87.121.84.240/32,US,US-CA,San Diego,
87.121.84.241/32,US,US-CA,San Diego,
87.121.84.242/32,US,US-CA,San Diego,
87.121.84.243/32,US,US-CA,San Diego,
87.121.84.244/32,US,US-CA,San Diego,
87.121.84.245/32,US,US-TX,Dallas,
87.121.84.246/32,US,US-TX,Dallas,
87.121.84.247/32,US,US-TX,Dallas,
87.121.84.248/32,US,US-TX,Dallas,
87.121.84.249/32,US,US-TX,Dallas,
87.121.84.250/32,US,US-TX,Dallas,
87.121.84.251/32,US,US-TX,Dallas,
87.121.84.252/32,US,US-TX,Dallas,
87.121.84.253/32,US,US-TX,Dallas,
87.121.84.254/32,US,US-TX,Dallas,
87.121.84.255/32,US,US-TX,Dallas,
87.121.85.0/32,US,US-TX,Dallas,
87.121.85.1/32,US,US-TX,Dallas,
87.121.85.2/32,US,US-TX,Dallas,
87.121.85.3/32,US,US-CA,San Jose,
87.121.85.4/32,US,US-CA,San Jose,
87.121.85.5/32,US,US-CA,San Jose,
87.121.85.6/32,US,US-CA,San Jose,
87.121.85.7/32,US,US-CA,San Jose,
87.121.85.8/32,US,US-CA,San Jose,
87.121.85.9/32,US,US-CA,San Jose,
87.121.85.10/32,US,US-CA,San Jose,
87.121.85.11/32,US,US-CA,San Jose,
87.121.85.12/32,US,US-CA,San Jose,
87.121.85.13/32,US,US-CA,San Jose,
87.121.85.14/32,US,US-CA,San Jose,
87.121.85.15/32,US,US-CA,San Jose,
87.121.85.16/32,US,US-TX,Austin,
87.121.85.17/32,US,US-TX,Austin,
87.121.85.18/32,US,US-TX,Austin,
87.121.85.19/32,US,US-TX,Austin,
87.121.85.20/32,US,US-TX,Austin,
87.121.85.21/32,US,US-TX,Austin,
87.121.85.22/32,US,US-TX,Austin,
87.121.85.23/32,US,US-TX,Austin,
87.121.85.24/32,US,US-TX,Austin,
87.121.85.25/32,US,US-TX,Austin,
87.121.85.26/32,US,US-TX,Austin,
87.121.85.27/32,US,US-TX,Austin,
87.121.85.28/32,US,US-FL,Jacksonville,
87.121.85.29/32,US,US-FL,Jacksonville,
87.121.85.30/32,US,US-FL,Jacksonville,
87.121.85.31/32,US,US-FL,Jacksonville,
87.121.85.32/32,US,US-FL,Jacksonville,
87.121.85.33/32,US,US-FL,Jacksonville,
87.121.85.34/32,US,US-FL,Jacksonville,
87.121.85.35/32,US,US-FL,Jacksonville,
87.121.85.36/32,US,US-FL,Jacksonville,
87.121.85.37/32,US,US-FL,Jacksonville,
87.121.85.38/32,US,US-FL,Jacksonville,
87.121.85.39/32,US,US-TX,Fort Worth,
87.121.85.40/32,US,US-TX,Fort Worth,
87.121.85.41/32,US,US-TX,Fort Worth,
87.121.85.42/32,US,US-TX,Fort Worth,
87.121.85.43/32,US,US-TX,Fort Worth,
87.121.85.44/32,US,US-TX,Fort Worth,
87.121.85.45/32,US,US-TX,Fort Worth,
87.121.85.46/32,US,US-TX,Fort Worth,
87.121.85.47/32,US,US-TX,Fort Worth,
87.121.85.48/32,US,US-TX,Fort Worth,
87.121.85.49/32,US,US-OH,Columbus,
87.121.85.50/32,US,US-OH,Columbus,
87.121.85.51/32,US,US-OH,Columbus,
87.121.85.52/32,US,US-OH,Columbus,
87.121.85.53/32,US,US-OH,Columbus,
87.121.85.54/32,US,US-OH,Columbus,
87.121.85.55/32,US,US-OH,Columbus,
87.121.85.56/32,US,US-OH,Columbus,
87.121.85.57/32,US,US-OH,Columbus,
87.121.85.58/32,US,US-OH,Columbus,
87.121.85.59/32,US,US-NC,Charlotte,
87.121.85.60/32,US,US-NC,Charlotte,
87.121.85.61/32,US,US-NC,Charlotte,
87.121.85.62/32,US,US-NC,Charlotte,
87.121.85.63/32,US,US-NC,Charlotte,
87.121.85.64/32,US,US-NC,Charlotte,
87.121.85.65/32,US,US-NC,Charlotte,
87.121.85.66/32,US,US-NC,Charlotte,
87.121.85.67/32,US,US-NC,Charlotte,
87.121.85.68/32,US,US-GA,Atlanta,
87.121.85.69/32,US,US-GA,Atlanta,
87.121.85.70/32,US,US-GA,Atlanta,
87.121.85.71/32,US,US-GA,Atlanta,
87.121.85.72/32,US,US-GA,Atlanta,
87.121.85.73/32,US,US-GA,Atlanta,
87.121.85.74/32,US,US-GA,Atlanta,
87.121.85.75/32,US,US-GA,Atlanta,
87.121.85.76/32,US,US-GA,Atlanta,
87.121.85.77/32,US,US-DC,Washington,
87.121.85.78/32,US,US-DC,Washington,
87.121.85.79/32,US,US-DC,Washington,
87.121.85.80/32,US,US-DC,Washington,
87.121.85.81/32,US,US-DC,Washington,
87.121.85.82/32,US,US-DC,Washington,
87.121.85.83/32,US,US-DC,Washington,
87.121.85.84/32,US,US-DC,Washington,
87.121.85.85/32,US,US-DC,Washington,
87.121.85.86/32,US,US-IN,Indianapolis,
87.121.85.87/32,US,US-IN,Indianapolis,
87.121.85.88/32,US,US-IN,Indianapolis,
87.121.85.89/32,US,US-IN,Indianapolis,
87.121.85.90/32,US,US-IN,Indianapolis,
87.121.85.91/32,US,US-IN,Indianapolis,
87.121.85.92/32,US,US-IN,Indianapolis,
87.121.85.93/32,US,US-IN,Indianapolis,
87.121.85.94/32,US,US-WA,Seattle,
87.121.85.95/32,US,US-WA,Seattle,
87.121.85.96/32,US,US-WA,Seattle,
87.121.85.97/32,US,US-WA,Seattle,
87.121.85.98/32,US,US-WA,Seattle,
87.121.85.99/32,US,US-WA,Seattle,
87.121.85.100/32,US,US-WA,Seattle,
87.121.85.101/32,US,US-WA,Seattle,
87.121.85.102/32,US,US-TN,Nashville,
87.121.85.103/32,US,US-TN,Nashville,
87.121.85.104/32,US,US-TN,Nashville,
87.121.85.105/32,US,US-TN,Nashville,
87.121.85.106/32,US,US-TN,Nashville,
87.121.85.107/32,US,US-TN,Nashville,
87.121.85.108/32,US,US-TN,Nashville,
87.121.85.109/32,US,US-TN,Nashville,
87.121.85.110/32,US,US-MA,Boston,
87.121.85.111/32,US,US-MA,Boston,
87.121.85.112/32,US,US-MA,Boston,
87.121.85.113/32,US,US-MA,Boston,
87.121.85.114/32,US,US-MA,Boston,
87.121.85.115/32,US,US-MA,Boston,
87.121.85.116/32,US,US-MA,Boston,
87.121.85.117/32,US,US-MA,Boston,
87.121.85.118/32,US,US-LA,New Orleans,
87.121.85.119/32,US,US-LA,New Orleans,
87.121.85.120/32,US,US-LA,New Orleans,
87.121.85.121/32,US,US-LA,New Orleans,
87.121.85.122/32,US,US-LA,New Orleans,
87.121.85.123/32,US,US-LA,New Orleans,
87.121.85.124/32,US,US-LA,New Orleans,
87.121.85.125/32,US,US-LA,New Orleans,
87.121.85.126/32,US,US-OR,Portland,
87.121.85.127/32,US,US-OR,Portland,
87.121.85.128/32,US,US-OR,Portland,
87.121.85.129/32,US,US-OR,Portland,
87.121.85.130/32,US,US-OR,Portland,
87.121.85.131/32,US,US-OR,Portland,
87.121.85.132/32,US,US-OR,Portland,
87.121.85.133/32,US,US-TN,Memphis,
87.121.85.134/32,US,US-TN,Memphis,
87.121.85.135/32,US,US-TN,Memphis,
87.121.85.136/32,US,US-TN,Memphis,
87.121.85.137/32,US,US-TN,Memphis,
87.121.85.138/32,US,US-TN,Memphis,
87.121.85.139/32,US,US-TN,Memphis,
87.121.85.140/32,US,US-KY,Louisville,
87.121.85.141/32,US,US-KY,Louisville,
87.121.85.142/32,US,US-KY,Louisville,
87.121.85.143/32,US,US-KY,Louisville,
87.121.85.144/32,US,US-KY,Louisville,
87.121.85.145/32,US,US-KY,Louisville,
87.121.85.146/32,US,US-KY,Louisville,
87.121.85.147/32,US,US-MD,Baltimore,
87.121.85.148/32,US,US-MD,Baltimore,
87.121.85.149/32,US,US-MD,Baltimore,
87.121.85.150/32,US,US-MD,Baltimore,
87.121.85.151/32,US,US-MD,Baltimore,
87.121.85.152/32,US,US-MD,Baltimore,
87.121.85.153/32,US,US-MD,Baltimore,
87.121.85.154/32,US,US-OK,Oklahoma City,
87.121.85.155/32,US,US-OK,Oklahoma City,
87.121.85.156/32,US,US-OK,Oklahoma City,
87.121.85.157/32,US,US-OK,Oklahoma City,
87.121.85.158/32,US,US-OK,Oklahoma City,
87.121.85.159/32,US,US-OK,Oklahoma City,
87.121.85.160/32,US,US-CO,Denver,
87.121.85.161/32,US,US-CO,Denver,
87.121.85.162/32,US,US-CO,Denver,
87.121.85.163/32,US,US-CO,Denver,
87.121.85.164/32,US,US-CO,Denver,
87.121.85.165/32,US,US-CO,Denver,
87.121.85.166/32,US,US-TX,El Paso,
87.121.85.167/32,US,US-TX,El Paso,
87.121.85.168/32,US,US-TX,El Paso,
87.121.85.169/32,US,US-TX,El Paso,
87.121.85.170/32,US,US-TX,El Paso,
87.121.85.171/32,US,US-TX,El Paso,
87.121.85.172/32,US,US-WI,Milwaukee,
87.121.85.173/32,US,US-WI,Milwaukee,
87.121.85.174/32,US,US-WI,Milwaukee,
87.121.85.175/32,US,US-WI,Milwaukee,
87.121.85.176/32,US,US-WI,Milwaukee,
87.121.85.177/32,US,US-WI,Milwaukee,
87.121.85.178/32,US,US-CA,Fresno,
87.121.85.179/32,US,US-CA,Fresno,
87.121.85.180/32,US,US-CA,Fresno,
87.121.85.181/32,US,US-CA,Fresno,
87.121.85.182/32,US,US-CA,Fresno,
87.121.85.183/32,US,US-CA,Fresno,
87.121.85.184/32,US,US-CO,Mesa,
87.121.85.185/32,US,US-CO,Mesa,
87.121.85.186/32,US,US-CO,Mesa,
87.121.85.187/32,US,US-CO,Mesa,
87.121.85.188/32,US,US-CO,Mesa,
87.121.85.189/32,US,US-CO,Mesa,
87.121.85.190/32,US,US-NM,Albuquerque,
87.121.85.191/32,US,US-NM,Albuquerque,
87.121.85.192/32,US,US-NM,Albuquerque,
87.121.85.193/32,US,US-NM,Albuquerque,
87.121.85.194/32,US,US-NM,Albuquerque,
87.121.85.195/32,US,US-CA,Sacramento,
87.121.85.196/32,US,US-CA,Sacramento,
87.121.85.197/32,US,US-CA,Sacramento,
87.121.85.198/32,US,US-CA,Sacramento,
87.121.85.199/32,US,US-CA,Sacramento,
87.121.85.200/32,US,US-AZ,Tucson,
87.121.85.201/32,US,US-AZ,Tucson,
87.121.85.202/32,US,US-AZ,Tucson,
87.121.85.203/32,US,US-AZ,Tucson,
87.121.85.204/32,US,US-AZ,Tucson,
87.121.85.205/32,US,US-MO,Kansas City,
87.121.85.206/32,US,US-MO,Kansas City,
87.121.85.207/32,US,US-MO,Kansas City,
87.121.85.208/32,US,US-MO,Kansas City,
87.121.85.209/32,US,US-MO,Kansas City,
87.121.85.210/32,US,US-CO,Colorado Springs,
87.121.85.211/32,US,US-CO,Colorado Springs,
87.121.85.212/32,US,US-CO,Colorado Springs,
87.121.85.213/32,US,US-CO,Colorado Springs,
87.121.85.214/32,US,US-CO,Colorado Springs,
87.121.85.215/32,US,US-NE,Omaha,
87.121.85.216/32,US,US-NE,Omaha,
87.121.85.217/32,US,US-NE,Omaha,
87.121.85.218/32,US,US-NE,Omaha,
87.121.85.219/32,US,US-NE,Omaha,
87.121.85.220/32,US,US-CA,Long Beach,
87.121.85.221/32,US,US-CA,Long Beach,
87.121.85.222/32,US,US-CA,Long Beach,
87.121.85.223/32,US,US-CA,Long Beach,
87.121.85.224/32,US,US-VA,Virginia Beach,
87.121.85.225/32,US,US-VA,Virginia Beach,
87.121.85.226/32,US,US-VA,Virginia Beach,
87.121.85.227/32,US,US-VA,Virginia Beach,
87.121.85.228/32,US,US-MN,Minneapolis,
87.121.85.229/32,US,US-MN,Minneapolis,
87.121.85.230/32,US,US-MN,Minneapolis,
87.121.85.231/32,US,US-MN,Minneapolis,
87.121.85.232/32,US,US-NC,Raleigh,
87.121.85.233/32,US,US-NC,Raleigh,
87.121.85.234/32,US,US-NC,Raleigh,
87.121.85.235/32,US,US-NC,Raleigh,
87.121.85.236/32,US,US-FL,Tampa,
87.121.85.237/32,US,US-FL,Tampa,
87.121.85.238/32,US,US-FL,Tampa,
87.121.85.239/32,US,US-FL,Tampa,
87.121.85.240/32,US,US-CA,Oakland,
87.121.85.241/32,US,US-CA,Oakland,
87.121.85.242/32,US,US-CA,Oakland,
87.121.85.243/32,US,US-CA,Oakland,
87.121.85.244/32,US,US-TX,Arlington,
87.121.85.245/32,US,US-TX,Arlington,
87.121.85.246/32,US,US-TX,Arlington,
87.121.85.247/32,US,US-TX,Arlington,
87.121.85.248/32,US,US-OK,Tulsa,
87.121.85.249/32,US,US-OK,Tulsa,
87.121.85.250/32,US,US-OK,Tulsa,
87.121.85.251/32,US,US-OK,Tulsa,
87.121.85.252/32,US,US-KS,Wichita,
87.121.85.253/32,US,US-KS,Wichita,
87.121.85.254/32,US,US-KS,Wichita,
87.121.85.255/32,US,US-KS,Wichita,
178.215.237.0/32,CZ,CZ-PR,Prague,
178.215.237.1/32,CZ,CZ-PR,Prague,
178.215.237.2/32,CZ,CZ-PR,Prague,
178.215.237.3/32,CZ,CZ-PR,Prague,
178.215.237.4/32,CZ,CZ-PR,Prague,
178.215.237.5/32,CZ,CZ-PR,Prague,
178.215.237.6/32,CZ,CZ-PR,Prague,
178.215.237.7/32,CZ,CZ-PR,Prague,
178.215.237.8/32,CZ,CZ-PR,Prague,
178.215.237.9/32,CZ,CZ-PR,Prague,
178.215.237.10/32,CZ,CZ-PR,Prague,
178.215.237.11/32,CZ,CZ-PR,Prague,
178.215.237.12/32,CZ,CZ-PR,Prague,
178.215.237.13/32,CZ,CZ-PR,Prague,
178.215.237.14/32,CZ,CZ-PR,Prague,
178.215.237.15/32,CZ,CZ-PR,Prague,
178.215.237.16/32,CZ,CZ-PR,Prague,
178.215.237.17/32,CZ,CZ-PR,Prague,
178.215.237.18/32,CZ,CZ-PR,Prague,
178.215.237.19/32,CZ,CZ-PR,Prague,
178.215.237.20/32,CZ,CZ-PR,Prague,
178.215.237.21/32,CZ,CZ-PR,Prague,
178.215.237.22/32,CZ,CZ-PR,Prague,
178.215.237.23/32,CZ,CZ-PR,Prague,
178.215.237.24/32,CZ,CZ-PR,Prague,
178.215.237.25/32,CZ,CZ-PR,Prague,
178.215.237.26/32,CZ,CZ-PR,Prague,
178.215.237.27/32,CZ,CZ-PR,Prague,
178.215.237.28/32,CZ,CZ-PR,Prague,
178.215.237.29/32,CZ,CZ-PR,Prague,
178.215.237.30/32,CZ,CZ-PR,Prague,
178.215.237.31/32,CZ,CZ-PR,Prague,
178.215.237.32/32,CZ,CZ-PR,Prague,
178.215.237.33/32,CZ,CZ-PR,Prague,
178.215.237.34/32,CZ,CZ-PR,Prague,
178.215.237.35/32,CZ,CZ-PR,Prague,
178.215.237.36/32,CZ,CZ-PR,Prague,
178.215.237.37/32,CZ,CZ-PR,Prague,
178.215.237.38/32,CZ,CZ-PR,Prague,
178.215.237.39/32,CZ,CZ-PR,Prague,
178.215.237.40/32,CZ,CZ-PR,Prague,
178.215.237.41/32,CZ,CZ-PR,Prague,
178.215.237.42/32,CZ,CZ-PR,Prague,
178.215.237.43/32,CZ,CZ-PR,Prague,
178.215.237.44/32,CZ,CZ-PR,Prague,
178.215.237.45/32,CZ,CZ-PR,Prague,
178.215.237.46/32,CZ,CZ-PR,Prague,
178.215.237.47/32,SK,SK-BL,Bratislava,
178.215.237.48/32,SK,SK-BL,Bratislava,
178.215.237.49/32,SK,SK-BL,Bratislava,
178.215.237.50/32,SK,SK-BL,Bratislava,
178.215.237.51/32,SK,SK-BL,Bratislava,
178.215.237.52/32,SK,SK-BL,Bratislava,
178.215.237.53/32,SK,SK-BL,Bratislava,
178.215.237.54/32,SK,SK-BL,Bratislava,
178.215.237.55/32,SK,SK-BL,Bratislava,
178.215.237.56/32,SK,SK-BL,Bratislava,
178.215.237.57/32,SK,SK-BL,Bratislava,
178.215.237.58/32,SK,SK-BL,Bratislava,
178.215.237.59/32,SK,SK-BL,Bratislava,
178.215.237.60/32,SK,SK-BL,Bratislava,
178.215.237.61/32,SK,SK-BL,Bratislava,
178.215.237.62/32,SK,SK-BL,Bratislava,
178.215.237.63/32,SK,SK-BL,Bratislava,
178.215.237.64/32,SK,SK-BL,Bratislava,
178.215.237.65/32,SK,SK-BL,Bratislava,
178.215.237.66/32,SK,SK-BL,Bratislava,
178.215.237.67/32,SK,SK-BL,Bratislava,
178.215.237.68/32,SK,SK-BL,Bratislava,
178.215.237.69/32,SK,SK-BL,Bratislava,
178.215.237.70/32,SK,SK-BL,Bratislava,
178.215.237.71/32,SK,SK-BL,Bratislava,
178.215.237.72/32,SK,SK-BL,Bratislava,
178.215.237.73/32,CZ,CZ-JM,Brno,
178.215.237.74/32,CZ,CZ-JM,Brno,
178.215.237.75/32,CZ,CZ-JM,Brno,
178.215.237.76/32,CZ,CZ-JM,Brno,
178.215.237.77/32,CZ,CZ-JM,Brno,
178.215.237.78/32,CZ,CZ-JM,Brno,
178.215.237.79/32,CZ,CZ-JM,Brno,
178.215.237.80/32,CZ,CZ-JM,Brno,
178.215.237.81/32,CZ,CZ-JM,Brno,
178.215.237.82/32,CZ,CZ-JM,Brno,
178.215.237.83/32,CZ,CZ-JM,Brno,
178.215.237.84/32,CZ,CZ-JM,Brno,
178.215.237.85/32,CZ,CZ-JM,Brno,
178.215.237.86/32,CZ,CZ-JM,Brno,
178.215.237.87/32,CZ,CZ-JM,Brno,
178.215.237.88/32,CZ,CZ-JM,Brno,
178.215.237.89/32,CZ,CZ-JM,Brno,
178.215.237.90/32,CZ,CZ-JM,Brno,
178.215.237.91/32,CZ,CZ-JM,Brno,
178.215.237.92/32,CZ,CZ-JM,Brno,
178.215.237.93/32,CZ,CZ-JM,Brno,
178.215.237.94/32,CZ,CZ-ST,Ostrava,
178.215.237.95/32,CZ,CZ-ST,Ostrava,
178.215.237.96/32,CZ,CZ-ST,Ostrava,
178.215.237.97/32,CZ,CZ-ST,Ostrava,
178.215.237.98/32,CZ,CZ-ST,Ostrava,
178.215.237.99/32,CZ,CZ-ST,Ostrava,
178.215.237.100/32,CZ,CZ-ST,Ostrava,
178.215.237.101/32,CZ,CZ-ST,Ostrava,
178.215.237.102/32,CZ,CZ-ST,Ostrava,
178.215.237.103/32,CZ,CZ-ST,Ostrava,
178.215.237.104/32,CZ,CZ-ST,Ostrava,
178.215.237.105/32,CZ,CZ-ST,Ostrava,
178.215.237.106/32,CZ,CZ-ST,Ostrava,
178.215.237.107/32,CZ,CZ-ST,Ostrava,
178.215.237.108/32,CZ,CZ-PL,Plzen,
178.215.237.109/32,CZ,CZ-PL,Plzen,
178.215.237.110/32,CZ,CZ-PL,Plzen,
178.215.237.111/32,CZ,CZ-PL,Plzen,
178.215.237.112/32,CZ,CZ-PL,Plzen,
178.215.237.113/32,CZ,CZ-PL,Plzen,
178.215.237.114/32,CZ,CZ-PL,Plzen,
178.215.237.115/32,CZ,CZ-PL,Plzen,
178.215.237.116/32,CZ,CZ-PL,Plzen,
178.215.237.117/32,CZ,CZ-LI,Liberec,
178.215.237.118/32,CZ,CZ-LI,Liberec,
178.215.237.119/32,CZ,CZ-LI,Liberec,
178.215.237.120/32,CZ,CZ-LI,Liberec,
178.215.237.121/32,CZ,CZ-LI,Liberec,
178.215.237.122/32,CZ,CZ-LI,Liberec,
178.215.237.123/32,CZ,CZ-LI,Liberec,
178.215.237.124/32,CZ,CZ-LI,Liberec,
178.215.237.125/32,CZ,CZ-MO,Olomouc,
178.215.237.126/32,CZ,CZ-MO,Olomouc,
178.215.237.127/32,CZ,CZ-MO,Olomouc,
178.215.237.128/32,CZ,CZ-MO,Olomouc,
178.215.237.129/32,CZ,CZ-MO,Olomouc,
178.215.237.130/32,CZ,CZ-MO,Olomouc,
178.215.237.131/32,CZ,CZ-MO,Olomouc,
178.215.237.132/32,CZ,CZ-MO,Olomouc,
178.215.237.133/32,SK,SK-TA,Košice,
178.215.237.134/32,SK,SK-TA,Košice,
178.215.237.135/32,SK,SK-TA,Košice,
178.215.237.136/32,SK,SK-TA,Košice,
178.215.237.137/32,SK,SK-TA,Košice,
178.215.237.138/32,SK,SK-TA,Košice,
178.215.237.139/32,SK,SK-TA,Košice,
178.215.237.140/32,SK,SK-TA,Košice,
178.215.237.141/32,SK,SK-TA,Košice,
178.215.237.142/32,SK,SK-TA,Košice,
178.215.237.143/32,SK,SK-TA,Košice,
178.215.237.144/32,SK,SK-TA,Košice,
178.215.237.145/32,SK,SK-TA,Košice,
178.215.237.146/32,SK,SK-TA,Košice,
178.215.237.147/32,SK,SK-TA,Košice,
178.215.237.148/32,SK,SK-TA,Košice,
178.215.237.149/32,CZ,CZ-US,Ústí nad Labem,
178.215.237.150/32,CZ,CZ-US,Ústí nad Labem,
178.215.237.151/32,CZ,CZ-US,Ústí nad Labem,
178.215.237.152/32,CZ,CZ-US,Ústí nad Labem,
178.215.237.153/32,CZ,CZ-US,Ústí nad Labem,
178.215.237.154/32,CZ,CZ-KR,Hradec Králové,
178.215.237.155/32,CZ,CZ-KR,Hradec Králové,
178.215.237.156/32,CZ,CZ-KR,Hradec Králové,
178.215.237.157/32,CZ,CZ-KR,Hradec Králové,
178.215.237.158/32,CZ,CZ-KR,Hradec Králové,
178.215.237.159/32,CZ,CZ-VY,Pardubice,
178.215.237.160/32,CZ,CZ-VY,Pardubice,
178.215.237.161/32,CZ,CZ-VY,Pardubice,
178.215.237.162/32,CZ,CZ-VY,Pardubice,
178.215.237.163/32,CZ,CZ-VY,Pardubice,
178.215.237.164/32,CZ,CZ-ZL,Zlín,
178.215.237.165/32,CZ,CZ-ZL,Zlín,
178.215.237.166/32,CZ,CZ-ZL,Zlín,
178.215.237.167/32,CZ,CZ-ZL,Zlín,
178.215.237.168/32,CZ,CZ-ZL,Zlín,
178.215.237.169/32,CZ,CZ-HK,Havírov,
178.215.237.170/32,CZ,CZ-HK,Havírov,
178.215.237.171/32,CZ,CZ-HK,Havírov,
178.215.237.172/32,CZ,CZ-HK,Havírov,
178.215.237.173/32,CZ,CZ-SC,Ceské Budejovice,
178.215.237.174/32,CZ,CZ-SC,Ceské Budejovice,
178.215.237.175/32,CZ,CZ-SC,Ceské Budejovice,
178.215.237.176/32,CZ,CZ-SC,Ceské Budejovice,
178.215.237.177/32,SK,SK-ZI,Žilina,
178.215.237.178/32,SK,SK-ZI,Žilina,
178.215.237.179/32,SK,SK-ZI,Žilina,
178.215.237.180/32,SK,SK-ZI,Žilina,
178.215.237.181/32,SK,SK-ZI,Žilina,
178.215.237.182/32,SK,SK-ZI,Žilina,
178.215.237.183/32,SK,SK-TC,Trencín,
178.215.237.184/32,SK,SK-TC,Trencín,
178.215.237.185/32,SK,SK-TC,Trencín,
178.215.237.186/32,SK,SK-TC,Trencín,
178.215.237.187/32,SK,SK-TC,Trencín,
178.215.237.188/32,SK,SK-KI,Trnava,
178.215.237.189/32,SK,SK-KI,Trnava,
178.215.237.190/32,SK,SK-KI,Trnava,
178.215.237.191/32,SK,SK-KI,Trnava,
178.215.237.192/32,SK,SK-KI,Trnava,
178.215.237.193/32,SK,SK-NI,Nitra,
178.215.237.194/32,SK,SK-NI,Nitra,
178.215.237.195/32,SK,SK-NI,Nitra,
178.215.237.196/32,SK,SK-NI,Nitra,
178.215.237.197/32,SK,SK-NI,Nitra,
178.215.237.198/32,SK,SK-BC,Banská Bystrica,
178.215.237.199/32,SK,SK-BC,Banská Bystrica,
178.215.237.200/32,SK,SK-BC,Banská Bystrica,
178.215.237.201/32,SK,SK-BC,Banská Bystrica,
178.215.237.202/32,SK,SK-BC,Banská Bystrica,
178.215.237.203/32,CZ,CZ-JC,Jihlava,
178.215.237.204/32,CZ,CZ-JC,Jihlava,
178.215.237.205/32,CZ,CZ-JC,Jihlava,
178.215.237.206/32,CZ,CZ-OL,Olomoucký Kraj,
178.215.237.207/32,CZ,CZ-OL,Olomoucký Kraj,
178.215.237.208/32,CZ,CZ-OL,Olomoucký Kraj,
178.215.237.209/32,CZ,CZ-PA,Pardubický Kraj,
178.215.237.210/32,CZ,CZ-PA,Pardubický Kraj,
178.215.237.211/32,CZ,CZ-PA,Pardubický Kraj,
178.215.237.212/32,CZ,CZ-VS,Vysocina,
178.215.237.213/32,CZ,CZ-VS,Vysocina,
178.215.237.214/32,CZ,CZ-VS,Vysocina,
178.215.237.215/32,SK,SK-PV,Prešov,
178.215.237.216/32,SK,SK-PV,Prešov,
178.215.237.217/32,SK,SK-PV,Prešov,
178.215.237.218/32,SK,SK-PV,Prešov,
178.215.237.219/32,SK,SK-RA,Bratislavský Kraj,
178.215.237.220/32,SK,SK-RA,Bratislavský Kraj,
178.215.237.221/32,SK,SK-RA,Bratislavský Kraj,
178.215.237.222/32,SK,SK-SA,Nitriansky Kraj,
178.215.237.223/32,SK,SK-SA,Nitriansky Kraj,
178.215.237.224/32,SK,SK-SA,Nitriansky Kraj,
178.215.237.225/32,SK,SK-TA,Trenciansky Kraj,
178.215.237.226/32,SK,SK-TA,Trenciansky Kraj,
178.215.237.227/32,SK,SK-TA,Trenciansky Kraj,
178.215.237.228/32,SK,SK-ZI,Žilinský Kraj,
178.215.237.229/32,SK,SK-ZI,Žilinský Kraj,
178.215.237.230/32,SK,SK-ZI,Žilinský Kraj,
178.215.237.231/32,CZ,CZ-CL,Ceský Krumlov,
178.215.237.232/32,CZ,CZ-CH,Cheb,
178.215.237.233/32,CZ,CZ-FK,Frýdek-Místek,
178.215.237.234/32,CZ,CZ-HC,Hlavní mesto Praha,
178.215.237.235/32,CZ,CZ-JH,Jindrichuv Hradec,
178.215.237.236/32,CZ,CZ-JI,Jicín,
178.215.237.237/32,CZ,CZ-JN,Jindrichuv,
178.215.237.238/32,CZ,CZ-KA,Karlovy Vary,
178.215.237.239/32,CZ,CZ-KH,Kromeríž,
178.215.237.240/32,CZ,CZ-KM,Klatovy,
178.215.237.241/32,CZ,CZ-KV,Kadan,
178.215.237.242/32,CZ,CZ-KY,Kyjov,
178.215.237.243/32,CZ,CZ-LK,Louny,
178.215.237.244/32,CZ,CZ-LT,Litomerice,
178.215.237.245/32,CZ,CZ-LU,Louny,
178.215.237.246/32,CZ,CZ-MB,Mladá Boleslav,
178.215.237.247/32,CZ,CZ-MD,Moravská Trebová,
178.215.237.248/32,CZ,CZ-ME,Melník,
178.215.237.249/32,CZ,CZ-MK,Melník,
178.215.237.250/32,CZ,CZ-MO,Most,
178.215.237.251/32,CZ,CZ-NA,Náchod,
178.215.237.252/32,CZ,CZ-NJ,Nový Jicín,
178.215.237.253/32,CZ,CZ-PR,Prague,
178.215.237.254/32,CZ,CZ-PR,Prague,
178.215.237.255/32,CZ,CZ-PR,Prague,
80.76.51.0/24,BR,BR-SP,São Paulo,
80.76.51.1/24,BR,BR-SP,São Paulo,
80.76.51.2/24,BR,BR-SP,São Paulo,
80.76.51.3/24,BR,BR-SP,São Paulo,
80.76.51.4/24,BR,BR-SP,São Paulo,
80.76.51.5/24,BR,BR-SP,São Paulo,
80.76.51.6/24,BR,BR-SP,São Paulo,
80.76.51.7/24,BR,BR-SP,São Paulo,
80.76.51.8/24,BR,BR-SP,São Paulo,
80.76.51.9/24,BR,BR-SP,São Paulo,
80.76.51.10/24,BR,BR-SP,São Paulo,
80.76.51.11/24,BR,BR-SP,São Paulo,
80.76.51.12/24,BR,BR-SP,São Paulo,
80.76.51.13/24,BR,BR-SP,São Paulo,
80.76.51.14/24,BR,BR-SP,São Paulo,
80.76.51.15/24,BR,BR-SP,São Paulo,
80.76.51.16/24,BR,BR-SP,São Paulo,
80.76.51.17/24,BR,BR-SP,São Paulo,
80.76.51.18/24,BR,BR-SP,São Paulo,
80.76.51.19/24,BR,BR-SP,São Paulo,
80.76.51.20/24,BR,BR-SP,São Paulo,
80.76.51.21/24,BR,BR-SP,São Paulo,
80.76.51.22/24,BR,BR-SP,São Paulo,
80.76.51.23/24,BR,BR-SP,São Paulo,
80.76.51.24/24,BR,BR-SP,São Paulo,
80.76.51.25/24,BR,BR-SP,São Paulo,
80.76.51.26/24,BR,BR-SP,São Paulo,
80.76.51.27/24,BR,BR-SP,São Paulo,
80.76.51.28/24,BR,BR-SP,São Paulo,
80.76.51.29/24,BR,BR-SP,São Paulo,
80.76.51.30/24,BR,BR-SP,São Paulo,
80.76.51.31/24,BR,BR-SP,São Paulo,
80.76.51.32/24,BR,BR-SP,São Paulo,
80.76.51.33/24,BR,BR-SP,São Paulo,
80.76.51.34/24,BR,BR-SP,São Paulo,
80.76.51.35/24,BR,BR-SP,São Paulo,
80.76.51.36/24,BR,BR-SP,São Paulo,
80.76.51.37/24,BR,BR-SP,São Paulo,
80.76.51.38/24,BR,BR-SP,São Paulo,
80.76.51.39/24,BR,BR-SP,São Paulo,
80.76.51.40/24,BR,BR-SP,São Paulo,
80.76.51.41/24,BR,BR-SP,São Paulo,
80.76.51.42/24,BR,BR-SP,São Paulo,
80.76.51.43/24,BR,BR-SP,São Paulo,
80.76.51.44/24,BR,BR-SP,São Paulo,
80.76.51.45/24,BR,BR-SP,São Paulo,
80.76.51.46/24,BR,BR-SP,São Paulo,
80.76.51.47/24,BR,BR-SP,São Paulo,
80.76.51.48/24,BR,BR-SP,São Paulo,
80.76.51.49/24,BR,BR-SP,São Paulo,
80.76.51.50/24,BR,BR-SP,São Paulo,
80.76.51.51/24,BR,BR-SP,São Paulo,
80.76.51.52/24,BR,BR-SP,São Paulo,
80.76.51.53/24,BR,BR-SP,São Paulo,
80.76.51.54/24,BR,BR-SP,São Paulo,
80.76.51.55/24,BR,BR-SP,São Paulo,
80.76.51.56/24,BR,BR-SP,São Paulo,
80.76.51.57/24,BR,BR-SP,São Paulo,
80.76.51.58/24,BR,BR-RJ,Rio de Janeiro,
80.76.51.59/24,BR,BR-RJ,Rio de Janeiro,
80.76.51.60/24,BR,BR-RJ,Rio de Janeiro,
80.76.51.61/24,BR,BR-RJ,Rio de Janeiro,
80.76.51.62/24,BR,BR-RJ,Rio de Janeiro,
80.76.51.63/24,BR,BR-RJ,Rio de Janeiro,
80.76.51.64/24,BR,BR-RJ,Rio de Janeiro,
80.76.51.65/24,BR,BR-RJ,Rio de Janeiro,
80.76.51.66/24,BR,BR-RJ,Rio de Janeiro,
80.76.51.67/24,BR,BR-RJ,Rio de Janeiro,
80.76.51.68/24,BR,BR-RJ,Rio de Janeiro,
80.76.51.69/24,BR,BR-RJ,Rio de Janeiro,
80.76.51.70/24,BR,BR-RJ,Rio de Janeiro,
80.76.51.71/24,BR,BR-RJ,Rio de Janeiro,
80.76.51.72/24,BR,BR-RJ,Rio de Janeiro,
80.76.51.73/24,BR,BR-RJ,Rio de Janeiro,
80.76.51.74/24,BR,BR-RJ,Rio de Janeiro,
80.76.51.75/24,BR,BR-RJ,Rio de Janeiro,
80.76.51.76/24,BR,BR-RJ,Rio de Janeiro,
80.76.51.77/24,BR,BR-RJ,Rio de Janeiro,
80.76.51.78/24,BR,BR-RJ,Rio de Janeiro,
80.76.51.79/24,BR,BR-RJ,Rio de Janeiro,
80.76.51.80/24,BR,BR-RJ,Rio de Janeiro,
80.76.51.81/24,BR,BR-RJ,Rio de Janeiro,
80.76.51.82/24,BR,BR-RJ,Rio de Janeiro,
80.76.51.83/24,BR,BR-RJ,Rio de Janeiro,
80.76.51.84/24,BR,BR-RJ,Rio de Janeiro,
80.76.51.85/24,BR,BR-RJ,Rio de Janeiro,
80.76.51.86/24,BR,BR-RJ,Rio de Janeiro,
80.76.51.87/24,BR,BR-RJ,Rio de Janeiro,
80.76.51.88/24,BR,BR-DF,Brasília,
80.76.51.89/24,BR,BR-DF,Brasília,
80.76.51.90/24,BR,BR-DF,Brasília,
80.76.51.91/24,BR,BR-DF,Brasília,
80.76.51.92/24,BR,BR-DF,Brasília,
80.76.51.93/24,BR,BR-DF,Brasília,
80.76.51.94/24,BR,BR-DF,Brasília,
80.76.51.95/24,BR,BR-DF,Brasília,
80.76.51.96/24,BR,BR-DF,Brasília,
80.76.51.97/24,BR,BR-DF,Brasília,
80.76.51.98/24,BR,BR-DF,Brasília,
80.76.51.99/24,BR,BR-DF,Brasília,
80.76.51.100/24,BR,BR-DF,Brasília,
80.76.51.101/24,BR,BR-DF,Brasília,
80.76.51.102/24,BR,BR-DF,Brasília,
80.76.51.103/24,BR,BR-DF,Brasília,
80.76.51.104/24,BR,BR-DF,Brasília,
80.76.51.105/24,BR,BR-BA,Salvador,
80.76.51.106/24,BR,BR-BA,Salvador,
80.76.51.107/24,BR,BR-BA,Salvador,
80.76.51.108/24,BR,BR-BA,Salvador,
80.76.51.109/24,BR,BR-BA,Salvador,
80.76.51.110/24,BR,BR-BA,Salvador,
80.76.51.111/24,BR,BR-BA,Salvador,
80.76.51.112/24,BR,BR-BA,Salvador,
80.76.51.113/24,BR,BR-BA,Salvador,
80.76.51.114/24,BR,BR-BA,Salvador,
80.76.51.115/24,BR,BR-BA,Salvador,
80.76.51.116/24,BR,BR-BA,Salvador,
80.76.51.117/24,BR,BR-BA,Salvador,
80.76.51.118/24,BR,BR-BA,Salvador,
80.76.51.119/24,BR,BR-CE,Fortaleza,
80.76.51.120/24,BR,BR-CE,Fortaleza,
80.76.51.121/24,BR,BR-CE,Fortaleza,
80.76.51.122/24,BR,BR-CE,Fortaleza,
80.76.51.123/24,BR,BR-CE,Fortaleza,
80.76.51.124/24,BR,BR-CE,Fortaleza,
80.76.51.125/24,BR,BR-CE,Fortaleza,
80.76.51.126/24,BR,BR-CE,Fortaleza,
80.76.51.127/24,BR,BR-CE,Fortaleza,
80.76.51.128/24,BR,BR-CE,Fortaleza,
80.76.51.129/24,BR,BR-MG,Belo Horizonte,
80.76.51.130/24,BR,BR-MG,Belo Horizonte,
80.76.51.131/24,BR,BR-MG,Belo Horizonte,
80.76.51.132/24,BR,BR-MG,Belo Horizonte,
80.76.51.133/24,BR,BR-MG,Belo Horizonte,
80.76.51.134/24,BR,BR-MG,Belo Horizonte,
80.76.51.135/24,BR,BR-MG,Belo Horizonte,
80.76.51.136/24,BR,BR-MG,Belo Horizonte,
80.76.51.137/24,BR,BR-MG,Belo Horizonte,
80.76.51.138/24,BR,BR-MG,Belo Horizonte,
80.76.51.139/24,BR,BR-AM,Manaus,
80.76.51.140/24,BR,BR-AM,Manaus,
80.76.51.141/24,BR,BR-AM,Manaus,
80.76.51.142/24,BR,BR-AM,Manaus,
80.76.51.143/24,BR,BR-AM,Manaus,
80.76.51.144/24,BR,BR-AM,Manaus,
80.76.51.145/24,BR,BR-AM,Manaus,
80.76.51.146/24,BR,BR-AM,Manaus,
80.76.51.147/24,BR,BR-PR,Curitiba,
80.76.51.148/24,BR,BR-PR,Curitiba,
80.76.51.149/24,BR,BR-PR,Curitiba,
80.76.51.150/24,BR,BR-PR,Curitiba,
80.76.51.151/24,BR,BR-PR,Curitiba,
80.76.51.152/24,BR,BR-PR,Curitiba,
80.76.51.153/24,BR,BR-PR,Curitiba,
80.76.51.154/24,BR,BR-PE,Recife,
80.76.51.155/24,BR,BR-PE,Recife,
80.76.51.156/24,BR,BR-PE,Recife,
80.76.51.157/24,BR,BR-PE,Recife,
80.76.51.158/24,BR,BR-PE,Recife,
80.76.51.159/24,BR,BR-PE,Recife,
80.76.51.160/24,BR,BR-PE,Recife,
80.76.51.161/24,BR,BR-RS,Porto Alegre,
80.76.51.162/24,BR,BR-RS,Porto Alegre,
80.76.51.163/24,BR,BR-RS,Porto Alegre,
80.76.51.164/24,BR,BR-RS,Porto Alegre,
80.76.51.165/24,BR,BR-RS,Porto Alegre,
80.76.51.166/24,BR,BR-RS,Porto Alegre,
80.76.51.167/24,BR,BR-PA,Belém,
80.76.51.168/24,BR,BR-PA,Belém,
80.76.51.169/24,BR,BR-PA,Belém,
80.76.51.170/24,BR,BR-PA,Belém,
80.76.51.171/24,BR,BR-PA,Belém,
80.76.51.172/24,BR,BR-GO,Goiânia,
80.76.51.173/24,BR,BR-GO,Goiânia,
80.76.51.174/24,BR,BR-GO,Goiânia,
80.76.51.175/24,BR,BR-GO,Goiânia,
80.76.51.176/24,BR,BR-GO,Goiânia,
80.76.51.177/24,BR,BR-MA,São Luís,
80.76.51.178/24,BR,BR-MA,São Luís,
80.76.51.179/24,BR,BR-MA,São Luís,
80.76.51.180/24,BR,BR-MA,São Luís,
80.76.51.181/24,BR,BR-MA,São Luís,
80.76.51.182/24,BR,BR-AL,Maceió,
80.76.51.183/24,BR,BR-AL,Maceió,
80.76.51.184/24,BR,BR-AL,Maceió,
80.76.51.185/24,BR,BR-AL,Maceió,
80.76.51.186/24,BR,BR-SE,Aracaju,
80.76.51.187/24,BR,BR-SE,Aracaju,
80.76.51.188/24,BR,BR-SE,Aracaju,
80.76.51.189/24,BR,BR-SE,Aracaju,
80.76.51.190/24,BR,BR-PB,João Pessoa,
80.76.51.191/24,BR,BR-PB,João Pessoa,
80.76.51.192/24,BR,BR-PB,João Pessoa,
80.76.51.193/24,BR,BR-PB,João Pessoa,
80.76.51.194/24,BR,BR-ES,Vitória,
80.76.51.195/24,BR,BR-ES,Vitória,
80.76.51.196/24,BR,BR-ES,Vitória,
80.76.51.197/24,BR,BR-ES,Vitória,
80.76.51.198/24,BR,BR-RN,Natal,
80.76.51.199/24,BR,BR-RN,Natal,
80.76.51.200/24,BR,BR-RN,Natal,
80.76.51.201/24,BR,BR-RN,Natal,
80.76.51.202/24,BR,BR-MS,Campo Grande,
80.76.51.203/24,BR,BR-MS,Campo Grande,
80.76.51.204/24,BR,BR-MS,Campo Grande,
80.76.51.205/24,BR,BR-MT,Cuiabá,
80.76.51.206/24,BR,BR-MT,Cuiabá,
80.76.51.207/24,BR,BR-MT,Cuiabá,
80.76.51.208/24,BR,BR-PI,Teresina,
80.76.51.209/24,BR,BR-PI,Teresina,
80.76.51.210/24,BR,BR-PI,Teresina,
80.76.51.211/24,BR,BR-SC,Florianópolis,
80.76.51.212/24,BR,BR-SC,Florianópolis,
80.76.51.213/24,BR,BR-SC,Florianópolis,
80.76.51.214/24,BR,BR-RO,Porto Velho,
80.76.51.215/24,BR,BR-RO,Porto Velho,
80.76.51.216/24,BR,BR-RO,Porto Velho,
80.76.51.217/24,BR,BR-TO,Palmas,
80.76.51.218/24,BR,BR-TO,Palmas,
80.76.51.219/24,BR,BR-TO,Palmas,
80.76.51.220/24,BR,BR-AC,Rio Branco,
80.76.51.221/24,BR,BR-AC,Rio Branco,
80.76.51.222/24,BR,BR-AC,Rio Branco,
80.76.51.223/24,BR,BR-AP,Macapá,
80.76.51.224/24,BR,BR-AP,Macapá,
80.76.51.225/24,BR,BR-RR,Boa Vista,
80.76.51.226/24,BR,BR-RR,Boa Vista,
80.76.51.227/24,BR,BR-RJ,São Gonçalo,
80.76.51.228/24,BR,BR-RJ,São Gonçalo,
80.76.51.229/24,BR,BR-SP,Guarulhos,
80.76.51.230/24,BR,BR-SP,Guarulhos,
80.76.51.231/24,BR,BR-SP,Campinas,
80.76.51.232/24,BR,BR-SP,Campinas,
80.76.51.233/24,BR,BR-SP,São Bernardo do Campo,
80.76.51.234/24,BR,BR-SP,Santo André,
80.76.51.235/24,BR,BR-SP,Osasco,
80.76.51.236/24,BR,BR-SP,São José dos Campos,
80.76.51.237/24,BR,BR-SP,Ribeirão Preto,
80.76.51.238/24,BR,BR-SP,Sorocaba,
80.76.51.239/24,BR,BR-SP,Santos,
80.76.51.240/24,BR,BR-SP,Jundiaí,
80.76.51.241/24,BR,BR-MG,Contagem,
80.76.51.242/24,BR,BR-MG,Uberlândia,
80.76.51.243/24,BR,BR-BA,Feira de Santana,
80.76.51.244/24,BR,BR-BA,Vitória da Conquista,
80.76.51.245/24,BR,BR-PE,Jaboatão dos Guararapes,
80.76.51.246/24,BR,BR-PE,Olinda,
80.76.51.247/24,BR,BR-CE,Caucaia,
80.76.51.248/24,BR,BR-CE,Juazeiro do Norte,
80.76.51.249/24,BR,BR-PA,Ananindeua,
80.76.51.250/24,BR,BR-PA,Santarém,
80.76.51.251/24,BR,BR-AM,Parintins,
80.76.51.252/24,BR,BR-AM,Itacoatiara,
80.76.51.253/24,BR,BR-SP,Campinas,
80.76.51.254/24,BR,BR-SP,Campinas,
80.76.51.255/24,BR,BR-SP,Campinas,
94.156.102.0/32,GB,GB-ENG,London,
94.156.102.1/32,GB,GB-ENG,London,
94.156.102.2/32,GB,GB-ENG,London,
94.156.102.3/32,GB,GB-ENG,London,
94.156.102.4/32,GB,GB-ENG,London,
94.156.102.5/32,GB,GB-ENG,London,
94.156.102.6/32,GB,GB-ENG,London,
94.156.102.7/32,GB,GB-ENG,London,
94.156.102.8/32,GB,GB-ENG,London,
94.156.102.9/32,GB,GB-ENG,London,
94.156.102.10/32,GB,GB-ENG,London,
94.156.102.11/32,GB,GB-ENG,London,
94.156.102.12/32,GB,GB-ENG,London,
94.156.102.13/32,GB,GB-ENG,London,
94.156.102.14/32,GB,GB-ENG,London,
94.156.102.15/32,GB,GB-ENG,London,
94.156.102.16/32,GB,GB-ENG,London,
94.156.102.17/32,GB,GB-ENG,London,
94.156.102.18/32,GB,GB-ENG,London,
94.156.102.19/32,GB,GB-ENG,London,
94.156.102.20/32,GB,GB-ENG,London,
94.156.102.21/32,GB,GB-ENG,London,
94.156.102.22/32,GB,GB-ENG,London,
94.156.102.23/32,GB,GB-ENG,London,
94.156.102.24/32,GB,GB-ENG,London,
94.156.102.25/32,GB,GB-ENG,London,
94.156.102.26/32,GB,GB-ENG,London,
94.156.102.27/32,GB,GB-ENG,London,
94.156.102.28/32,GB,GB-ENG,London,
94.156.102.29/32,GB,GB-ENG,London,
94.156.102.30/32,GB,GB-ENG,London,
94.156.102.31/32,GB,GB-ENG,London,
94.156.102.32/32,GB,GB-ENG,London,
94.156.102.33/32,GB,GB-ENG,London,
94.156.102.34/32,GB,GB-ENG,London,
94.156.102.35/32,GB,GB-ENG,London,
94.156.102.36/32,GB,GB-ENG,London,
94.156.102.37/32,GB,GB-ENG,London,
94.156.102.38/32,GB,GB-ENG,London,
94.156.102.39/32,GB,GB-ENG,London,
94.156.102.40/32,GB,GB-ENG,London,
94.156.102.41/32,GB,GB-ENG,London,
94.156.102.42/32,GB,GB-ENG,London,
94.156.102.43/32,GB,GB-ENG,London,
94.156.102.44/32,GB,GB-ENG,London,
94.156.102.45/32,GB,GB-ENG,London,
94.156.102.46/32,GB,GB-ENG,London,
94.156.102.47/32,GB,GB-ENG,London,
94.156.102.48/32,GB,GB-ENG,London,
94.156.102.49/32,GB,GB-ENG,London,
94.156.102.50/32,GB,GB-ENG,London,
94.156.102.51/32,GB,GB-ENG,London,
94.156.102.52/32,GB,GB-ENG,London,
94.156.102.53/32,GB,GB-ENG,London,
94.156.102.54/32,GB,GB-ENG,London,
94.156.102.55/32,GB,GB-ENG,London,
94.156.102.56/32,GB,GB-ENG,London,
94.156.102.57/32,GB,GB-ENG,London,
94.156.102.58/32,GB,GB-ENG,London,
94.156.102.59/32,GB,GB-ENG,London,
94.156.102.60/32,GB,GB-ENG,London,
94.156.102.61/32,GB,GB-ENG,London,
94.156.102.62/32,GB,GB-ENG,Birmingham,
94.156.102.63/32,GB,GB-ENG,Birmingham,
94.156.102.64/32,GB,GB-ENG,Birmingham,
94.156.102.65/32,GB,GB-ENG,Birmingham,
94.156.102.66/32,GB,GB-ENG,Birmingham,
94.156.102.67/32,GB,GB-ENG,Birmingham,
94.156.102.68/32,GB,GB-ENG,Birmingham,
94.156.102.69/32,GB,GB-ENG,Birmingham,
94.156.102.70/32,GB,GB-ENG,Birmingham,
94.156.102.71/32,GB,GB-ENG,Birmingham,
94.156.102.72/32,GB,GB-ENG,Birmingham,
94.156.102.73/32,GB,GB-ENG,Birmingham,
94.156.102.74/32,GB,GB-ENG,Birmingham,
94.156.102.75/32,GB,GB-ENG,Birmingham,
94.156.102.76/32,GB,GB-ENG,Birmingham,
94.156.102.77/32,GB,GB-ENG,Birmingham,
94.156.102.78/32,GB,GB-ENG,Birmingham,
94.156.102.79/32,GB,GB-ENG,Birmingham,
94.156.102.80/32,GB,GB-ENG,Birmingham,
94.156.102.81/32,GB,GB-ENG,Birmingham,
94.156.102.82/32,GB,GB-ENG,Birmingham,
94.156.102.83/32,GB,GB-ENG,Manchester,
94.156.102.84/32,GB,GB-ENG,Manchester,
94.156.102.85/32,GB,GB-ENG,Manchester,
94.156.102.86/32,GB,GB-ENG,Manchester,
94.156.102.87/32,GB,GB-ENG,Manchester,
94.156.102.88/32,GB,GB-ENG,Manchester,
94.156.102.89/32,GB,GB-ENG,Manchester,
94.156.102.90/32,GB,GB-ENG,Manchester,
94.156.102.91/32,GB,GB-ENG,Manchester,
94.156.102.92/32,GB,GB-ENG,Manchester,
94.156.102.93/32,GB,GB-ENG,Manchester,
94.156.102.94/32,GB,GB-ENG,Manchester,
94.156.102.95/32,GB,GB-ENG,Manchester,
94.156.102.96/32,GB,GB-ENG,Manchester,
94.156.102.97/32,GB,GB-SCT,Glasgow,
94.156.102.98/32,GB,GB-SCT,Glasgow,
94.156.102.99/32,GB,GB-SCT,Glasgow,
94.156.102.100/32,GB,GB-SCT,Glasgow,
94.156.102.101/32,GB,GB-SCT,Glasgow,
94.156.102.102/32,GB,GB-SCT,Glasgow,
94.156.102.103/32,GB,GB-SCT,Glasgow,
94.156.102.104/32,GB,GB-SCT,Glasgow,
94.156.102.105/32,GB,GB-SCT,Glasgow,
94.156.102.106/32,GB,GB-SCT,Glasgow,
94.156.102.107/32,GB,GB-SCT,Glasgow,
94.156.102.108/32,GB,GB-SCT,Glasgow,
94.156.102.109/32,GB,GB-SCT,Glasgow,
94.156.102.110/32,GB,GB-SCT,Glasgow,
94.156.102.111/32,GB,GB-ENG,Leeds,
94.156.102.112/32,GB,GB-ENG,Leeds,
94.156.102.113/32,GB,GB-ENG,Leeds,
94.156.102.114/32,GB,GB-ENG,Leeds,
94.156.102.115/32,GB,GB-ENG,Leeds,
94.156.102.116/32,GB,GB-ENG,Leeds,
94.156.102.117/32,GB,GB-ENG,Leeds,
94.156.102.118/32,GB,GB-ENG,Leeds,
94.156.102.119/32,GB,GB-ENG,Leeds,
94.156.102.120/32,GB,GB-ENG,Leeds,
94.156.102.121/32,GB,GB-ENG,Leeds,
94.156.102.122/32,GB,GB-ENG,Leeds,
94.156.102.123/32,GB,GB-ENG,Leeds,
94.156.102.124/32,GB,GB-ENG,Sheffield,
94.156.102.125/32,GB,GB-ENG,Sheffield,
94.156.102.126/32,GB,GB-ENG,Sheffield,
94.156.102.127/32,GB,GB-ENG,Sheffield,
94.156.102.128/32,GB,GB-ENG,Sheffield,
94.156.102.129/32,GB,GB-ENG,Sheffield,
94.156.102.130/32,GB,GB-ENG,Sheffield,
94.156.102.131/32,GB,GB-ENG,Sheffield,
94.156.102.132/32,GB,GB-ENG,Sheffield,
94.156.102.133/32,GB,GB-ENG,Sheffield,
94.156.102.134/32,GB,GB-ENG,Liverpool,
94.156.102.135/32,GB,GB-ENG,Liverpool,
94.156.102.136/32,GB,GB-ENG,Liverpool,
94.156.102.137/32,GB,GB-ENG,Liverpool,
94.156.102.138/32,GB,GB-ENG,Liverpool,
94.156.102.139/32,GB,GB-ENG,Liverpool,
94.156.102.140/32,GB,GB-ENG,Liverpool,
94.156.102.141/32,GB,GB-ENG,Liverpool,
94.156.102.142/32,GB,GB-ENG,Liverpool,
94.156.102.143/32,GB,GB-ENG,Liverpool,
94.156.102.144/32,GB,GB-ENG,Bristol,
94.156.102.145/32,GB,GB-ENG,Bristol,
94.156.102.146/32,GB,GB-ENG,Bristol,
94.156.102.147/32,GB,GB-ENG,Bristol,
94.156.102.148/32,GB,GB-ENG,Bristol,
94.156.102.149/32,GB,GB-ENG,Bristol,
94.156.102.150/32,GB,GB-ENG,Bristol,
94.156.102.151/32,GB,GB-ENG,Bristol,
94.156.102.152/32,GB,GB-ENG,Newcastle,
94.156.102.153/32,GB,GB-ENG,Newcastle,
94.156.102.154/32,GB,GB-ENG,Newcastle,
94.156.102.155/32,GB,GB-ENG,Newcastle,
94.156.102.156/32,GB,GB-ENG,Newcastle,
94.156.102.157/32,GB,GB-ENG,Newcastle,
94.156.102.158/32,GB,GB-ENG,Sunderland,
94.156.102.159/32,GB,GB-ENG,Sunderland,
94.156.102.160/32,GB,GB-ENG,Wolverhampton,
94.156.102.161/32,GB,GB-ENG,Wolverhampton,
94.156.102.162/32,GB,GB-SCT,Edinburgh,
94.156.102.163/32,GB,GB-SCT,Edinburgh,
94.156.102.164/32,GB,GB-SCT,Edinburgh,
94.156.102.165/32,GB,GB-SCT,Edinburgh,
94.156.102.166/32,GB,GB-SCT,Edinburgh,
94.156.102.167/32,GB,GB-SCT,Edinburgh,
94.156.102.168/32,GB,GB-ENG,Leicester,
94.156.102.169/32,GB,GB-ENG,Leicester,
94.156.102.170/32,GB,GB-ENG,Leicester,
94.156.102.171/32,GB,GB-ENG,Leicester,
94.156.102.172/32,GB,GB-ENG,Leicester,
94.156.102.173/32,GB,GB-WLS,Cardiff,
94.156.102.174/32,GB,GB-WLS,Cardiff,
94.156.102.175/32,GB,GB-WLS,Cardiff,
94.156.102.176/32,GB,GB-WLS,Cardiff,
94.156.102.177/32,GB,GB-WLS,Cardiff,
94.156.102.178/32,GB,GB-ENG,Bradford,
94.156.102.179/32,GB,GB-ENG,Bradford,
94.156.102.180/32,GB,GB-ENG,Bradford,
94.156.102.181/32,GB,GB-ENG,Bradford,
94.156.102.182/32,GB,GB-ENG,Bradford,
94.156.102.183/32,GB,GB-ENG,Coventry,
94.156.102.184/32,GB,GB-ENG,Coventry,
94.156.102.185/32,GB,GB-ENG,Coventry,
94.156.102.186/32,GB,GB-ENG,Nottingham,
94.156.102.187/32,GB,GB-ENG,Nottingham,
94.156.102.188/32,GB,GB-ENG,Nottingham,
94.156.102.189/32,GB,GB-ENG,Kingston upon Hull,
94.156.102.190/32,GB,GB-ENG,Kingston upon Hull,
94.156.102.191/32,GB,GB-ENG,Kingston upon Hull,
94.156.102.192/32,GB,GB-ENG,Stoke-on-Trent,
94.156.102.193/32,GB,GB-ENG,Stoke-on-Trent,
94.156.102.194/32,GB,GB-ENG,Plymouth,
94.156.102.195/32,GB,GB-ENG,Plymouth,
94.156.102.196/32,GB,GB-ENG,Derby,
94.156.102.197/32,GB,GB-ENG,Derby,
94.156.102.198/32,GB,GB-ENG,Southampton,
94.156.102.199/32,GB,GB-ENG,Southampton,
94.156.102.200/32,GB,GB-ENG,Reading,
94.156.102.201/32,GB,GB-ENG,Reading,
94.156.102.202/32,GB,GB-ENG,Dudley,
94.156.102.203/32,GB,GB-ENG,Dudley,
94.156.102.204/32,GB,GB-ENG,Northampton,
94.156.102.205/32,GB,GB-ENG,Northampton,
94.156.102.206/32,GB,GB-ENG,Portsmouth,
94.156.102.207/32,GB,GB-ENG,Portsmouth,
94.156.102.208/32,GB,GB-ENG,Luton,
94.156.102.209/32,GB,GB-ENG,Luton,
94.156.102.210/32,GB,GB-ENG,Preston,
94.156.102.211/32,GB,GB-ENG,Preston,
94.156.102.212/32,GB,GB-ENG,Aberdeen,
94.156.102.213/32,GB,GB-ENG,Aberdeen,
94.156.102.214/32,GB,GB-ENG,Milton Keynes,
94.156.102.215/32,GB,GB-ENG,Milton Keynes,
94.156.102.216/32,GB,GB-ENG,Norwich,
94.156.102.217/32,GB,GB-ENG,Norwich,
94.156.102.218/32,GB,GB-ENG,Walsall,
94.156.102.219/32,GB,GB-ENG,Walsall,
94.156.102.220/32,GB,GB-ENG,Bournemouth,
94.156.102.221/32,GB,GB-ENG,Bournemouth,
94.156.102.222/32,GB,GB-ENG,Southend-on-Sea,
94.156.102.223/32,GB,GB-ENG,Southend-on-Sea,
94.156.102.224/32,GB,GB-ENG,Swindon,
94.156.102.225/32,GB,GB-ENG,Swindon,
94.156.102.226/32,GB,GB-ENG,Peterborough,
94.156.102.227/32,GB,GB-ENG,Peterborough,
94.156.102.228/32,GB,GB-ENG,Stockport,
94.156.102.229/32,GB,GB-ENG,Stockport,
94.156.102.230/32,GB,GB-ENG,Brighton,
94.156.102.231/32,GB,GB-ENG,Brighton,
94.156.102.232/32,GB,GB-ENG,Slough,
94.156.102.233/32,GB,GB-ENG,Slough,
94.156.102.234/32,GB,GB-ENG,Gloucester,
94.156.102.235/32,GB,GB-ENG,Gloucester,
94.156.102.236/32,GB,GB-ENG,Rotherham,
94.156.102.237/32,GB,GB-ENG,Rotherham,
94.156.102.238/32,GB,GB-ENG,Cambridge,
94.156.102.239/32,GB,GB-ENG,Cambridge,
94.156.102.240/32,GB,GB-ENG,Exeter,
94.156.102.241/32,GB,GB-ENG,Exeter,
94.156.102.242/32,GB,GB-ENG,Eastbourne,
94.156.102.243/32,GB,GB-ENG,Eastbourne,
94.156.102.244/32,GB,GB-ENG,Sutton Coldfield,
94.156.102.245/32,GB,GB-ENG,Sutton Coldfield,
94.156.102.246/32,GB,GB-ENG,Blackburn,
94.156.102.247/32,GB,GB-ENG,Blackburn,
94.156.102.248/32,GB,GB-ENG,Colchester,
94.156.102.249/32,GB,GB-ENG,Colchester,
94.156.102.250/32,GB,GB-ENG,Oldham,
94.156.102.251/32,GB,GB-ENG,Oldham,
94.156.102.252/32,GB,GB-ENG,St Helens,
94.156.102.253/32,GB,GB-ENG,St Helens,
94.156.102.254/32,GB,GB-ENG,Woking,
94.156.102.255/32,GB,GB-ENG,Woking,
